{
	"info": {
		"_postman_id": "e7430973-5e52-45b2-9bee-8b3c07fec5c3",
		"name": "HolidayGift",
		"schema": "https://schema.getpostman.com/json/collection/v2.1.0/collection.json"
	},
	"item": [
		{
			"name": "{{url}}/users",
			"request": {
				"method": "POST",
				"header": [
					{
						"key": "Content-Type",
						"name": "Content-Type",
						"value": "application/json",
						"type": "text"
					}
				],
				"body": {
					"mode": "raw",
					"raw": "{\n\t\"first_name\": \"Simon\",\n\t\"last_name\": \"Grimm\",\n\t\"password\": \"123456\",\n\t\"email\": \"saimon@devdactic.com\"\n}",
					"options": {
						"raw": {
							"language": "json"
						}
					}
				},
				"url": {
					"raw": "{{url}}/users",
					"host": [
						"{{url}}"
					],
					"path": [
						"users"
					]
				}
			},
			"response": []
		},
		{
			"name": "{{url}}/users/:id",
			"request": {
				"method": "PUT",
				"header": [
					{
						"key": "Content-Type",
						"name": "Content-Type",
						"value": "application/json",
						"type": "text"
					},
					{
						"key": "Authorization",
						"value": "{{jwt}}",
						"type": "text"
					}
				],
				"body": {
					"mode": "raw",
					"raw": "{\n\t\"first_name\": \"Simon\",\n\t\"last_name\": \"Grimm\"\n}",
					"options": {
						"raw": {
							"language": "json"
						}
					}
				},
				"url": {
					"raw": "{{url}}/users",
					"host": [
						"{{url}}"
					],
					"path": [
						"users"
					]
				}
			},
			"response": []
		},
		{
			"name": "{{url}}/auth",
			"request": {
				"method": "POST",
				"header": [
					{
						"key": "Content-Type",
						"name": "Content-Type",
						"type": "text",
						"value": "application/json"
					}
				],
				"body": {
					"mode": "raw",
					"raw": "{\n\t\"password\": \"123456\",\n\t\"email\": \"saimon@devdactic.com\"\n}",
					"options": {
						"raw": {
							"language": "json"
						}
					}
				},
				"url": {
					"raw": "{{url}}/auth",
					"host": [
						"{{url}}"
					],
					"path": [
						"auth"
					]
				}
			},
			"response": []
		},
		{
			"name": "{{url}}/users/:id",
			"request": {
				"method": "GET",
				"header": [
					{
						"key": "Content-Type",
						"name": "Content-Type",
						"value": "application/json",
						"type": "text"
					},
					{
						"key": "Authorization",
						"value": "{{jwt}}",
						"type": "text"
					}
				],
				"url": {
					"raw": "{{url}}/users/5dc2a4cd3430a2dcd56de8d0",
					"host": [
						"{{url}}"
					],
					"path": [
						"users",
						"5dc2a4cd3430a2dcd56de8d0"
					]
				}
			},
			"response": []
		},
		{
			"name": "{{url}}/users",
			"request": {
				"method": "GET",
				"header": [
					{
						"key": "Authorization",
						"value": "{{jwt}}",
						"type": "text"
					}
				],
				"url": {
					"raw": "{{url}}/users",
					"host": [
						"{{url}}"
					],
					"path": [
						"users"
					]
				}
			},
			"response": []
		},
		{
			"name": "{{url}}/users/:id",
			"request": {
				"method": "DELETE",
				"header": [
					{
						"key": "Authorization",
						"value": "{{jwt}}",
						"type": "text"
					}
				],
				"url": {
					"raw": "{{url}}/users/5dc2a3f3c5142bdc7c37590a",
					"host": [
						"{{url}}"
					],
					"path": [
						"users",
						"5dc2a3f3c5142bdc7c37590a"
					],
					"query": [
						{
							"key": "",
							"value": ""
						}
					]
				}
			},
			"response": []
		}
	],
	"protocolProfileBehavior": {}
}